{
	"credit": "Made by Bret06 using Blockbench",
	"texture_size": [64, 64],
	"textures": {
		"skin": "lunareclipse.watching:item/skins/grimreaper/skin"
	},
	"elements": [
		{
			"name": "Box5",
			"from": [6, -2, 6],
			"to": [10, 10, 10],
			"rotation": {"angle": 0, "axis": "y", "origin": [8, 8, 8]},
			"faces": {
				"north": {"uv": [9, 13, 10, 16], "texture": "#skin"},
				"east": {"uv": [8, 13, 9, 16], "texture": "#skin"},
				"south": {"uv": [11, 13, 12, 16], "texture": "#skin"},
				"west": {"uv": [10, 13, 11, 16], "texture": "#skin"},
				"up": {"uv": [10, 13, 9, 12], "texture": "#skin"},
				"down": {"uv": [11, 12, 10, 13], "texture": "#skin"}
			}
		},
		{
			"name": "Box6",
			"from": [10, 10, 10],
			"to": [6, -2, 6],
			"rotation": {"angle": 0, "axis": "y", "origin": [8, -20, 8]},
			"faces": {
				"north": {"uv": [11, 16, 12, 13], "texture": "#skin"},
				"east": {"uv": [10, 16, 11, 13], "texture": "#skin"},
				"south": {"uv": [9, 16, 10, 13], "texture": "#skin"},
				"west": {"uv": [8, 16, 9, 13], "texture": "#skin"},
				"up": {"uv": [10, 12, 11, 13], "texture": "#skin"},
				"down": {"uv": [9, 13, 10, 12], "texture": "#skin"}
			}
		},
		{
			"from": [7, -2.1, 7],
			"to": [9, 9.9, 9],
			"rotation": {"angle": 0, "axis": "y", "origin": [0, -14, 0]},
			"faces": {
				"north": {"uv": [14, 13, 14.5, 16], "texture": "#skin"},
				"east": {"uv": [15.5, 13, 16, 16], "texture": "#skin"},
				"south": {"uv": [15, 13, 15.5, 16], "texture": "#skin"},
				"west": {"uv": [14.5, 13, 15, 16], "texture": "#skin"},
				"up": {"uv": [14.5, 12.5, 15, 13], "texture": "#skin"},
				"down": {"uv": [15, 12.5, 15.5, 13], "texture": "#skin"}
			}
		}
	]
}