{
    "feature": "watching:leafless_birch_tree",
    "placement": [
      {
        "type": "minecraft:count",
        "count": 1
      },
      {
        "type": "minecraft:in_square"
      },
      {
        "type": "minecraft:heightmap",
        "heightmap": "WORLD_SURFACE_WG"
      },
      {
        "type": "minecraft:block_predicate_filter",
        "predicate": {
          "type": "minecraft:would_survive",
          "state": {
            "Name": "minecraft:oak_sapling",
            "Properties": {
              "stage": "0"
            }
          }
        }
      }
    ]
  }
  