{
	"credit": "Made by Bret06 using Blockbench",
	"elements": [
		{
			"name": "leg",
			"from": [4, 0, 6],
			"to": [8, 12, 10],
			"faces": {
				"north": {"uv": [1, 5, 2, 8], "texture": "#skin"},
				"east": {"uv": [0, 5, 1, 8], "texture": "#skin"},
				"south": {"uv": [3, 5, 4, 8], "texture": "#skin"},
				"west": {"uv": [2, 5, 3, 8], "texture": "#skin"},
				"up": {"uv": [1, 4, 2, 5], "texture": "#skin"},
				"down": {"uv": [2, 4, 3, 5], "texture": "#skin"}
			}
		},
		{
			"name": "leg",
			"from": [8, 0, 6],
			"to": [12, 12, 10],
			"faces": {
				"north": {"uv": [1, 5, 2, 8], "texture": "#skin"},
				"east": {"uv": [0, 5, 1, 8], "texture": "#skin"},
				"south": {"uv": [3, 5, 4, 8], "texture": "#skin"},
				"west": {"uv": [2, 5, 3, 8], "texture": "#skin"},
				"up": {"uv": [1, 4, 2, 5], "texture": "#skin"},
				"down": {"uv": [2, 4, 3, 5], "texture": "#skin"}
			}
		},
		{
			"name": "Box4",
			"from": [4, 12, 6],
			"to": [12, 24, 10],
			"faces": {
				"north": {"uv": [5, 5, 7, 8], "texture": "#skin"},
				"east": {"uv": [4, 5, 5, 8], "texture": "#skin"},
				"south": {"uv": [8, 5, 10, 8], "texture": "#skin"},
				"west": {"uv": [7, 5, 8, 8], "texture": "#skin"},
				"up": {"uv": [5, 4, 7, 5], "texture": "#skin"},
				"down": {"uv": [7, 4, 9, 5], "texture": "#skin"}
			}
		}
	],
	"display": {
		"head": {
			"translation": [0, -31.04, 0],
			"scale": [1.5, 1.5, 1.5]
		}
	}
}