{
	"credit": "Made by Bret06 using Blockbench",
	"elements": [
		{
			"name": "Box5",
			"from": [6, 12, 6],
			"to": [10, 24, 10],
			"faces": {
				"north": {"uv": [9, 13, 10, 16], "texture": "#skin"},
				"east": {"uv": [8, 13, 9, 16], "texture": "#skin"},
				"south": {"uv": [11, 13, 12, 16], "texture": "#skin"},
				"west": {"uv": [10, 13, 11, 16], "texture": "#skin"},
				"up": {"uv": [9, 12, 10, 13], "texture": "#skin"},
				"down": {"uv": [10, 12, 11, 13], "texture": "#skin"}
			}
		},
		{
			"name": "Box6",
			"from": [5.75, 11.75, 5.75],
			"to": [10.25, 24.25, 10.25],
			"faces": {
				"north": {"uv": [13, 13, 14, 16], "texture": "#skin"},
				"east": {"uv": [12, 13, 13, 16], "texture": "#skin"},
				"south": {"uv": [15, 13, 16, 16], "texture": "#skin"},
				"west": {"uv": [14, 13, 15, 16], "texture": "#skin"},
				"up": {"uv": [13, 12, 14, 13], "texture": "#skin"},
				"down": {"uv": [14, 12, 15, 13], "texture": "#skin"}
			}
		}
	],
	"display": {
		"thirdperson_righthand": {
			"rotation": [90, 0, 0],
			"translation": [-0.6, -2, -4.44],
			"scale": [0.94, 0.94, 0.94]
		},
		"thirdperson_lefthand": {
			"rotation": [90, 0, 0],
			"translation": [-0.6, -2, -4.44],
			"scale": [0.94, 0.94, 0.94]
		}
	}
}