{
	"credit": "Made by Bret06 using Blockbench",
	"texture_size": [64, 64],
	"textures": {
		"skin": "lunareclipse.watching:item/skins/farlander/skin"
	},
	"elements": [
		{
			"name": "Box4",
			"from": [4, 14, 6],
			"to": [12, 20, 10],
			"rotation": {"angle": 0, "axis": "y", "origin": [0, -4, 0]},
			"faces": {
				"north": {"uv": [5, 5, 7, 6.5], "texture": "#skin"},
				"east": {"uv": [4, 5, 5, 6.5], "texture": "#skin"},
				"south": {"uv": [8, 5, 10, 6.5], "texture": "#skin"},
				"west": {"uv": [7, 5, 8, 6.5], "texture": "#skin"},
				"up": {"uv": [7, 5, 5, 4], "texture": "#skin"},
				"down": {"uv": [7, 4, 9, 5], "texture": "#skin"}
			}
		},
		{
			"name": "Box5",
			"from": [9, 11, 9],
			"to": [11, 13, 11],
			"rotation": {"angle": 0, "axis": "y", "origin": [0, -4, 0]},
			"faces": {
				"north": {"uv": [14.5, 1.5, 15, 2], "texture": "#skin"},
				"east": {"uv": [14, 1.5, 14.5, 2], "texture": "#skin"},
				"south": {"uv": [15.5, 1.5, 16, 2], "texture": "#skin"},
				"west": {"uv": [15, 1.5, 15.5, 2], "texture": "#skin"},
				"up": {"uv": [15, 1.5, 14.5, 1], "texture": "#skin"},
				"down": {"uv": [15, 1, 15.5, 1.5], "texture": "#skin"}
			}
		},
		{
			"name": "Box5",
			"from": [4, 8, 6],
			"to": [12, 10, 10],
			"rotation": {"angle": 0, "axis": "y", "origin": [0, -4, 0]},
			"faces": {
				"north": {"uv": [5, 7.5, 7, 8], "texture": "#skin"},
				"east": {"uv": [4, 7.5, 5, 8], "texture": "#skin"},
				"south": {"uv": [8, 7.5, 10, 8], "texture": "#skin"},
				"west": {"uv": [7, 7.5, 8, 8], "texture": "#skin"},
				"up": {"uv": [7, 7.5, 5, 6.5], "texture": "#skin"},
				"down": {"uv": [7, 6.5, 9, 7.5], "texture": "#skin"}
			}
		},
		{
			"name": "Box5",
			"from": [4, 10, 6],
			"to": [7, 14, 10],
			"rotation": {"angle": 0, "axis": "y", "origin": [0, -4, 0]},
			"faces": {
				"north": {"uv": [13.5, 13, 14.25, 14], "texture": "#skin"},
				"east": {"uv": [12.5, 13, 13.5, 14], "texture": "#skin"},
				"south": {"uv": [15.25, 13, 16, 14], "texture": "#skin"},
				"west": {"uv": [14.25, 13, 15.25, 14], "texture": "#skin"},
				"up": {"uv": [14.25, 13, 13.5, 12.25], "texture": "#skin"},
				"down": {"uv": [13.5, 12.25, 14.25, 13], "texture": "#skin"}
			}
		},
		{
			"name": "Box5",
			"from": [3.75, 7.75, 5.75],
			"to": [12.25, 20.25, 10.25],
			"rotation": {"angle": 0, "axis": "y", "origin": [0, -4, 0]},
			"faces": {
				"north": {"uv": [5, 9, 7, 12], "texture": "#skin"},
				"east": {"uv": [4, 9, 5, 12], "texture": "#skin"},
				"south": {"uv": [8, 9, 10, 12], "texture": "#skin"},
				"west": {"uv": [7, 9, 8, 12], "texture": "#skin"},
				"up": {"uv": [7, 9, 5, 8], "texture": "#skin"},
				"down": {"uv": [7, 8, 9, 9], "texture": "#skin"}
			}
		},
		{
			"name": "Box6",
			"from": [12.25, 20.25, 10.25],
			"to": [3.75, 7.75, 5.75],
			"rotation": {"angle": 0, "axis": "y", "origin": [16, 12, 16]},
			"faces": {
				"north": {"uv": [8, 12, 10, 9], "texture": "#skin"},
				"east": {"uv": [7, 12, 8, 9], "texture": "#skin"},
				"south": {"uv": [5, 12, 7, 9], "texture": "#skin"},
				"west": {"uv": [4, 12, 5, 9], "texture": "#skin"},
				"up": {"uv": [9, 8, 7, 9], "texture": "#skin"},
				"down": {"uv": [7, 8, 5, 9], "texture": "#skin"}
			}
		}
	]
}