{

	"crash" : {
		"subtitle": "I'm watching...",
		"sounds":[
			{
				"name": "watching:crash",
				"volume": 0.8,
				"pitch": 1,
				"weight": 1
			}
		]
	},
	"outside_footsteps" : {
		"subtitle": "Footsteps",
		"sounds":[
			{
				"name": "watching:outside_footsteps",
				"volume": 0.8,
				"pitch": 1,
				"weight": 1
			}
		]
	},
	"cave_footsteps" : {
		"subtitle": "Footsteps",
		"sounds":[
			{
				"name": "watching:cave_footsteps",
				"volume": 0.8,
				"pitch": 1,
				"weight": 1
			}
		]
	}
}