{
	"credit": "Made by Bret06 using Blockbench",
	"texture_size": [64, 64],
	"textures": {
		"skin": "lunareclipse.watching:item/skins/jack_black/skin"
	},
	"elements": [
		{
			"name": "body",
			"from": [3, 8, 5],
			"to": [13, 20, 11],
			"rotation": {"angle": 0, "axis": "y", "origin": [8, -4, 8]},
			"faces": {
				"north": {"uv": [0, 0, 2.5, 3], "texture": "#skin"},
				"east": {"uv": [4, 3, 5.5, 6], "texture": "#skin"},
				"south": {"uv": [2.5, 0, 5, 3], "texture": "#skin"},
				"west": {"uv": [5, 0, 6.5, 3], "texture": "#skin"},
				"up": {"uv": [10.5, 7.5, 8, 6], "texture": "#skin"},
				"down": {"uv": [10.5, 7.5, 8, 9], "texture": "#skin"}
			}
		}
	],
	"groups": [
		{
			"name": "body",
			"origin": [8, -5, 8],
			"color": 0,
			"children": [0]
		}
	]
}