    {
        "providers": [
            {
                "type": "space",
                "advances": {
                    " ": 4,
                    "‌": 0
                }
            },
            {
                "type": "bitmap",
                "file": "minecraft:font/ascii.png",
                "ascent": 2,
                "height": 8,
                "chars": [
                    "\u0000\u0000\u0000\u0000\u0000\u0000\u0000\u0000\u0000\u0000\u0000\u0000\u0000\u0000\u0000\u0000",
                    "\u0000\u0000\u0000\u0000\u0000\u0000\u0000\u0000\u0000\u0000\u0000\u0000\u0000\u0000\u0000\u0000",
                    " !\"#$%&'()*+,-./",
                    "0123456789:;<=>?",
                    "@ABCDEFGHIJKLMNO",
                    "PQRSTUVWXYZ[\\]^_",
                    "`abcdefghijklmno",
                    "pqrstuvwxyz{|}~\u0000",
                    "\u0000\u0000\u0000\u0000\u0000\u0000\u0000\u0000\u0000\u0000\u0000\u0000\u0000\u0000\u0000\u0000",
                    "\u0000\u0000\u0000\u0000\u0000\u0000\u0000\u0000\u0000\u0000\u0000\u0000£\u0000\u0000ƒ",
                    "\u0000\u0000\u0000\u0000\u0000\u0000ªº\u0000\u0000¬\u0000\u0000\u0000«»",
                    "░▒▓│┤╡╢╖╕╣║╗╝╜╛┐",
                    "└┴┬├─┼╞╟╚╔╩╦╠═╬╧",
                    "╨╤╥╙╘╒╓╫╪┘┌█▄▌▐▀",
                    "\u0000\u0000\u0000\u0000\u0000\u0000\u0000\u0000\u0000\u0000\u0000\u0000\u0000∅∈\u0000",
                    "≡±≥≤⌠⌡÷≈°∙\u0000√ⁿ²■\u0000"
                ]
            },
            {
                "ascent": 8,
                "chars": [
                    "\uBB01"
                ],
                "file": "watching:font/watching_ui/logo.png",
                "height": 17,
                "type": "bitmap"
            }
        ]
    }