{
	"credit": "Made by Bret06 using Blockbench",
	"textures": {
		"skin": "watching:watching"
	},
	"elements": [
		{
			"name": "Box5",
			"from": [6, 12, 6],
			"to": [10, 24, 10],
			"faces": {
				"north": {"uv": [11, 5, 12, 8], "texture": "#skin"},
				"east": {"uv": [10, 5, 11, 8], "texture": "#skin"},
				"south": {"uv": [13, 5, 14, 8], "texture": "#skin"},
				"west": {"uv": [12, 5, 13, 8], "texture": "#skin"},
				"up": {"uv": [11, 4, 12, 5], "texture": "#skin"},
				"down": {"uv": [12, 4, 13, 5], "texture": "#skin"}
			}
		},
		{
			"name": "Box6",
			"from": [5.75, 11.75, 5.75],
			"to": [10.25, 24.25, 10.25],
			"faces": {
				"north": {"uv": [11, 9, 12, 12], "texture": "#skin"},
				"east": {"uv": [10, 9, 11, 12], "texture": "#skin"},
				"south": {"uv": [13, 9, 14, 12], "texture": "#skin"},
				"west": {"uv": [12, 9, 13, 12], "texture": "#skin"},
				"up": {"uv": [11, 8, 12, 9], "texture": "#skin"},
				"down": {"uv": [12, 8, 13, 9], "texture": "#skin"}
			}
		}
	],
	"display": {
		"thirdperson_righthand": {
			"rotation": [90, 0, 0],
			"translation": [-0.37, -2, -4.44],
			"scale": [0.94, 0.94, 0.94]
		},
		"thirdperson_lefthand": {
			"rotation": [90, 0, 0],
			"translation": [-0.37, -2, -4.44],
			"scale": [0.94, 0.94, 0.94]
		}
	}
}