{
    "parent": "watching:main/root",
    "display": {
        "icon": {
            "item": "minecraft:disc_fragment_5",
            "nbt": "{CustomModelData:1359012}"
        },
        "title": {
            "translate": "advancements.ftf.dreadful_donation.title"
        },
        "description": {
            "translate": "advancements.ftf.dreadful_donation.description"
        },
        "show_toast": true,
        "announce_to_chat": true
    },
    "criteria": {
        "requirement": {
            "trigger": "minecraft:inventory_changed",
            "conditions": {
                "player": {
                    "type_specific": {
                        "type": "player",
                        "advancements": {
                            "watching:main/root": true
                        }
                    }
                },
                "items": [
                    {
                        "nbt": "{dreadfulDonation:1b}"
                    }
                ]
            }
        }
    }
}