{
    "pools": [
        {
            "rolls": 1,
            "entries": [
                {
                    "type": "minecraft:item",
                    "weight": 90,
                    "name": "minecraft:redstone_torch",
                    "functions": [
                        {
                            "function": "minecraft:set_nbt",
                            "tag": "{display:{Name:'{\"text\":\"Hjälp\"}'}}"
                        }
                    ]
                },
                {
                    "type": "minecraft:item",
                    "weight": 90,
                    "name": "minecraft:redstone_torch",
                    "functions": [
                        {
                            "function": "minecraft:set_nbt",
                            "tag": "{display:{Name:'{\"text\":\"Jag tittar...\"}'}}"
                        }
                    ]
                },
                {
                    "type": "minecraft:item",
                    "weight": 10,
                    "name": "minecraft:music_disc_11",
                    "functions": [
                        {
                            "function": "minecraft:set_nbt",
                            "tag": "{display:{Name:'{\"text\":\"Jag är här...\"}'}}"
                        }
                    ]
                },
                {
                    "type": "minecraft:item",
                    "weight": 80,
                    "name": "minecraft:mossy_cobblestone"
                },
                {
                    "type": "minecraft:item",
                    "weight": 90,
                    "name": "minecraft:rotten_flesh"
                }
            ]
        }
    ]
}