{
    "parent": "watching:main/technical/found_any_structure/root",
    "display": {
        "icon": {
            "item": "minecraft:stone"
        },
        "title": "",
        "description": "",
        "show_toast": false,
        "announce_to_chat": false,
        "hidden": true
    },
    "criteria": {
        "found_tree": {
            "trigger": "minecraft:location",
            "conditions": {
                "player": [
                    {
                        "condition": "minecraft:entity_properties",
                        "entity": "this",
                        "predicate": {
                            "type_specific": {
                                "type": "player",
                                "advancements": {
                                    "watching:main/root": true
                                }
                            },
                            "location": {
                                "structure": "watching:logless_tree/oak"
                            }
                        }
                    }
                ]
            }
        }
    },
    "requirements": [
        [
            "found_tree"
        ]
    ],
    "rewards": {
        "function": "watching:events/advancements/grant_found_any_structure"
    }
}